layer	cosine_rho	euclidean_rho	cosine_p	euclidean_p	n_pairs
blocks.7.mlp.l3	0.07396652682423735	0.0798296551671006	0.0	0.0	1359000
blocks.16.mlp.l3	0.03677010178984748	0.017905373872353924	0.0	9.027342711787733e-97	1359000
blocks.26.mlp.l3	0.15860447082984508	0.1869550725914602	0.0	0.0	1359000
blocks.31.mlp.l3	0.017202739561089586	0.03977732738496008	1.7978343050946505e-89	0.0	1359000
